{"cameraMode":{"drawMode":0,"name":"Shaded","section":"Shading Mode"},"sceneLighting":true,"audioPlay":false,"sceneViewState":{"showFog":true,"showMaterialUpdate":false,"showSkybox":true,"showFlares":true,"showImageEffects":true,"showParticleSystems":true},"in2DMode":false,"pivot":{"x":103.00003051757813,"y":397.4999694824219,"z":0.0},"rotation":{"x":0.04198606312274933,"y":0.029941799119114877,"z":-0.0012548230588436127,"w":0.9987791776657105},"size":81.39410400390625,"orthographic":true}